code,tema,titulo,url,fecha_publicacion,pdf,txt,n_caracteres
G.13,G,Fiche pathologie bâtiment – G.13  « Poêles à bois à bûches ou pellets » – AQC,https://qualiteconstruction.com/wp-content/uploads/2025/09/Fiche-Pathologie-Batiment-G13-Entretien-Maintenance-Poeles-Bois-Buches-Pellets-AQC.pdf,2025-09-19,corpus/aqc/pdf/Fiche-Pathologie-Batiment-G13-Entretien-Maintenance-Poeles-Bois-Buches-Pellets-AQC.pdf,corpus/aqc/txt/Fiche-Pathologie-Batiment-G13-Entretien-Maintenance-Poeles-Bois-Buches-Pellets-AQC.txt,15036
G.12,G,Fiche pathologie bâtiment – G.12  « ITE de type enduit sur isolant » – AQC,https://qualiteconstruction.com/wp-content/uploads/2025/09/Fiche-Pathologie-Batiment-G12-Entretien-Maintenance-ITE-Type-Enduit-Isolant-AQC.pdf,2025-09-19,corpus/aqc/pdf/Fiche-Pathologie-Batiment-G12-Entretien-Maintenance-ITE-Type-Enduit-Isolant-AQC.pdf,corpus/aqc/txt/Fiche-Pathologie-Batiment-G12-Entretien-Maintenance-ITE-Type-Enduit-Isolant-AQC.txt,18199
G.11,G,Fiche pathologie bâtiment – G.11  « Dispositifs d’assainissement autonomes » – AQC,https://qualiteconstruction.com/wp-content/uploads/2025/09/Fiche-Pathologie-Batiment-G11-Entretien-Maintenance-Dispositif-Assainissement-Autonomes-AQC.pdf,2025-09-19,corpus/aqc/pdf/Fiche-Pathologie-Batiment-G11-Entretien-Maintenance-Dispositif-Assainissement-Autonomes-AQC.pdf,corpus/aqc/txt/Fiche-Pathologie-Batiment-G11-Entretien-Maintenance-Dispositif-Assainissement-Autonomes-AQC.txt,18357
A.08,A,Fiche pathologie bâtiment  – A.08 « Pathologies des canalisations eaux vannes eaux usées et interfaces avec le VRD » – AQC,https://qualiteconstruction.com/wp-content/uploads/2024/05/Fiche-Pathologie-Batiment-A08-Pathologies-Canalisations-Eaux-Vannes-Eaux-Usees-Interfaces-VRD-AQC.pdf,2024-06-03,corpus/aqc/pdf/Fiche-Pathologie-Batiment-A08-Pathologies-Canalisations-Eaux-Vannes-Eaux-Usees-Interfaces-VRD-AQC.pdf,corpus/aqc/txt/Fiche-Pathologie-Batiment-A08-Pathologies-Canalisations-Eaux-Vannes-Eaux-Usees-Interfaces-VRD-AQC.txt,15554
G.10,G,Fiche pathologie bâtiment – G.10  « Les installations photovoltaïques en toiture » – AQC,https://qualiteconstruction.com/wp-content/uploads/2024/05/Fiche-Pathologie-Batiment-G10-Entretien-Maintenance-Installations-Photovoltaiques-Toiture-AQC.pdf,2024-05-30,corpus/aqc/pdf/Fiche-Pathologie-Batiment-G10-Entretien-Maintenance-Installations-Photovoltaiques-Toiture-AQC.pdf,corpus/aqc/txt/Fiche-Pathologie-Batiment-G10-Entretien-Maintenance-Installations-Photovoltaiques-Toiture-AQC.txt,10243
G.09,G,Fiche pathologie bâtiment – G.09  « Les couvertures » – AQC,https://qualiteconstruction.com/wp-content/uploads/2024/05/Fiche-Pathologie-Batiment-G09-Entretien-Maintenance-Couvertures-AQC.pdf,2024-05-30,corpus/aqc/pdf/Fiche-Pathologie-Batiment-G09-Entretien-Maintenance-Couvertures-AQC.pdf,corpus/aqc/txt/Fiche-Pathologie-Batiment-G09-Entretien-Maintenance-Couvertures-AQC.txt,16144
G.08,G,Fiche pathologie bâtiment – G.08  « Les menuiseries extérieures » – AQC,https://qualiteconstruction.com/wp-content/uploads/2024/05/Fiche-Pathologie-Batiment-G08-Entretien-Maintenance-Menuiseries-Exterieures-AQC.pdf,2024-05-30,corpus/aqc/pdf/Fiche-Pathologie-Batiment-G08-Entretien-Maintenance-Menuiseries-Exterieures-AQC.pdf,corpus/aqc/txt/Fiche-Pathologie-Batiment-G08-Entretien-Maintenance-Menuiseries-Exterieures-AQC.txt,13485
G.07,G,Fiche pathologie bâtiment – G.07  « La plomberie sanitaire » – AQC,https://qualiteconstruction.com/wp-content/uploads/2024/05/Fiche-Pathologie-Batiment-G07-Entretien-Maintenance-Plomberie-Sanitaire-AQC.pdf,2024-05-30,corpus/aqc/pdf/Fiche-Pathologie-Batiment-G07-Entretien-Maintenance-Plomberie-Sanitaire-AQC.pdf,corpus/aqc/txt/Fiche-Pathologie-Batiment-G07-Entretien-Maintenance-Plomberie-Sanitaire-AQC.txt,13401
G.06,G,Fiche pathologie bâtiment – G.06  « Les VMC simple et double flux » – AQC,https://qualiteconstruction.com/wp-content/uploads/2024/05/Fiche-Pathologie-Batiment-G06-Entretien-Maintenance-VMC-Simple-Double-Flux-AQC.pdf,2024-05-30,corpus/aqc/pdf/Fiche-Pathologie-Batiment-G06-Entretien-Maintenance-VMC-Simple-Double-Flux-AQC.pdf,corpus/aqc/txt/Fiche-Pathologie-Batiment-G06-Entretien-Maintenance-VMC-Simple-Double-Flux-AQC.txt,14448
G.05,G,Fiche pathologie bâtiment – G.05  « Pompe à chaleur aérothermique (air/air ou air/eau) » – AQC,https://qualiteconstruction.com/wp-content/uploads/2024/05/Fiche-Pathologie-Batiment-G05-Entretien-Maintenance-Pac-Aerothermiques-AQC.pdf,2024-05-30,corpus/aqc/pdf/Fiche-Pathologie-Batiment-G05-Entretien-Maintenance-Pac-Aerothermiques-AQC.pdf,corpus/aqc/txt/Fiche-Pathologie-Batiment-G05-Entretien-Maintenance-Pac-Aerothermiques-AQC.txt,9857
G.04,G,Fiche pathologie bâtiment – G.04  « Les balcons » – AQC,https://qualiteconstruction.com/wp-content/uploads/2024/05/Fiche-Pathologie-Batiment-G04-Entretien-Maintenance-Balcons-AQC.pdf,2024-05-30,corpus/aqc/pdf/Fiche-Pathologie-Batiment-G04-Entretien-Maintenance-Balcons-AQC.pdf,corpus/aqc/txt/Fiche-Pathologie-Batiment-G04-Entretien-Maintenance-Balcons-AQC.txt,12975
G.03,G,Fiche pathologie bâtiment – G.03 « Les toitures-terrasses (hors végétalisation) » – AQC,https://qualiteconstruction.com/wp-content/uploads/2024/05/Fiche-Pathologie-Batiment-G03-Entretien-Maintenance-Toitures-Terrasses-AQC.pdf,2024-05-30,corpus/aqc/pdf/Fiche-Pathologie-Batiment-G03-Entretien-Maintenance-Toitures-Terrasses-AQC.pdf,corpus/aqc/txt/Fiche-Pathologie-Batiment-G03-Entretien-Maintenance-Toitures-Terrasses-AQC.txt,14338
G.02,G,Fiche pathologie bâtiment – G.02 « Entretien et maintenance en habitat collectif » – AQC,https://qualiteconstruction.com/wp-content/uploads/2024/05/Fiche-Pathologie-Batiment-G02-Entretien-Maintenance-Habitat-Collectif-AQC.pdf,2024-05-30,corpus/aqc/pdf/Fiche-Pathologie-Batiment-G02-Entretien-Maintenance-Habitat-Collectif-AQC.pdf,corpus/aqc/txt/Fiche-Pathologie-Batiment-G02-Entretien-Maintenance-Habitat-Collectif-AQC.txt,25281
G.01,G,Fiche pathologie bâtiment – G.01 « Entretien et maintenance en maison individuelle » – AQC,https://qualiteconstruction.com/wp-content/uploads/2024/05/Fiche-Pathologie-Batiment-G01-Entretien-Maintenance-Maison-Individuelle-AQC.pdf,2024-05-30,corpus/aqc/pdf/Fiche-Pathologie-Batiment-G01-Entretien-Maintenance-Maison-Individuelle-AQC.pdf,corpus/aqc/txt/Fiche-Pathologie-Batiment-G01-Entretien-Maintenance-Maison-Individuelle-AQC.txt,17678
D.14,D,Fiche pathologie bâtiment  – D.14 « Système d’isolation thermique par l’extérieur non ventilé sur support bois » – AQC,https://qualiteconstruction.com/wp-content/uploads/2024/05/Fiche-Pathologie-Batiment-D14-Systeme-Isolation-Thermique-Exterieur-Non-Ventile-Support-Bois-AQC.pdf,2024-05-22,corpus/aqc/pdf/Fiche-Pathologie-Batiment-D14-Systeme-Isolation-Thermique-Exterieur-Non-Ventile-Support-Bois-AQC.pdf,corpus/aqc/txt/Fiche-Pathologie-Batiment-D14-Systeme-Isolation-Thermique-Exterieur-Non-Ventile-Support-Bois-AQC.txt,30397
E.13,E,Fiche pathologie bâtiment  – E.13 « Installations photovoltaïques raccordées au réseau et intégrées au bâtiment » – AQC,https://qualiteconstruction.com/wp-content/uploads/2024/05/Fiche-Pathologie-Batiment-E13-Installations-Photovoltaiques-Raccordees-Reseau-Integrees-Batiment-AQC.pdf,2024-05-22,corpus/aqc/pdf/Fiche-Pathologie-Batiment-E13-Installations-Photovoltaiques-Raccordees-Reseau-Integrees-Batiment-AQC.pdf,corpus/aqc/txt/Fiche-Pathologie-Batiment-E13-Installations-Photovoltaiques-Raccordees-Reseau-Integrees-Batiment-AQC.txt,14486
E.12,E,Fiche pathologie bâtiment  – E.12 « Pompes à chaleur géothermique » – AQC,https://qualiteconstruction.com/wp-content/uploads/2024/05/Fiche-Pathologie-Batiment-E12-Pompes-Chaleur-Geothermiques-AQC.pdf,2024-05-22,corpus/aqc/pdf/Fiche-Pathologie-Batiment-E12-Pompes-Chaleur-Geothermiques-AQC.pdf,corpus/aqc/txt/Fiche-Pathologie-Batiment-E12-Pompes-Chaleur-Geothermiques-AQC.txt,18528
E.11,E,Fiche pathologie bâtiment  – E.11 « Pompes à chaleur air / air » – AQC,https://qualiteconstruction.com/wp-content/uploads/2024/05/Fiche-Pathologie-Batiment-E11-Pompes-Chaleur-Air-Air-AQC.pdf,2024-05-22,corpus/aqc/pdf/Fiche-Pathologie-Batiment-E11-Pompes-Chaleur-Air-Air-AQC.pdf,corpus/aqc/txt/Fiche-Pathologie-Batiment-E11-Pompes-Chaleur-Air-Air-AQC.txt,10063
E.14,E,Fiche pathologie bâtiment  – E.14 « Installations photovoltaïques surimposées en milieu tropical » – AQC,https://qualiteconstruction.com/wp-content/uploads/2024/05/Fiche-Pathologie-Batiment-E14-Installations-Photovoltaiques-Surimposees-Milieu-Tropical-Outre-Mer-AQC.pdf,2024-05-22,corpus/aqc/pdf/Fiche-Pathologie-Batiment-E14-Installations-Photovoltaiques-Surimposees-Milieu-Tropical-Outre-Mer-AQC.pdf,corpus/aqc/txt/Fiche-Pathologie-Batiment-E14-Installations-Photovoltaiques-Surimposees-Milieu-Tropical-Outre-Mer-AQC.txt,19570
E.10,E,Fiche pathologie bâtiment  – E.10 « Pompes à chaleur air / eau » – AQC,https://qualiteconstruction.com/wp-content/uploads/2024/05/Fiche-Pathologie-Batiment-E10-Pompes-Chaleur-Air-Eau-AQC.pdf,2024-05-22,corpus/aqc/pdf/Fiche-Pathologie-Batiment-E10-Pompes-Chaleur-Air-Eau-AQC.pdf,corpus/aqc/txt/Fiche-Pathologie-Batiment-E10-Pompes-Chaleur-Air-Eau-AQC.txt,13958
E.15,E,Fiche pathologie bâtiment  – E.15 « Désordres affectant les chauffe-eau solaires individuels » – AQC,https://qualiteconstruction.com/wp-content/uploads/2024/05/Fiche-Pathologie-Batiment-E15-Desordres-Chauffe-Eau-Solaires-Individuels-AQC.pdf,2024-05-22,corpus/aqc/pdf/Fiche-Pathologie-Batiment-E15-Desordres-Chauffe-Eau-Solaires-Individuels-AQC.pdf,corpus/aqc/txt/Fiche-Pathologie-Batiment-E15-Desordres-Chauffe-Eau-Solaires-Individuels-AQC.txt,15508
E.09,E,Fiche pathologie bâtiment  – E.09 « Condensations dans les logements » – AQC,https://qualiteconstruction.com/wp-content/uploads/2024/05/Fiche-Pathologie-Batiment-E09-Condensations-Logements-AQC.pdf,2024-05-22,corpus/aqc/pdf/Fiche-Pathologie-Batiment-E09-Condensations-Logements-AQC.pdf,corpus/aqc/txt/Fiche-Pathologie-Batiment-E09-Condensations-Logements-AQC.txt,24239
E.16,E,Fiche pathologie bâtiment  – E.16 « Défauts d’isolation acoustique » – AQC,https://qualiteconstruction.com/wp-content/uploads/2024/05/Fiche-Pathologie-Batiment-E16-Defauts-Isolation-Acoustique-AQC.pdf,2024-05-22,corpus/aqc/pdf/Fiche-Pathologie-Batiment-E16-Defauts-Isolation-Acoustique-AQC.pdf,corpus/aqc/txt/Fiche-Pathologie-Batiment-E16-Defauts-Isolation-Acoustique-AQC.txt,14421
E.08,E,Fiche pathologie bâtiment  – E.08 « VMC simple flux / double flux » – AQC,https://qualiteconstruction.com/wp-content/uploads/2024/05/Fiche-Pathologie-Batiment-E08-VMC-Simple-Flux-Double-Flux-AQC.pdf,2024-05-22,corpus/aqc/pdf/Fiche-Pathologie-Batiment-E08-VMC-Simple-Flux-Double-Flux-AQC.pdf,corpus/aqc/txt/Fiche-Pathologie-Batiment-E08-VMC-Simple-Flux-Double-Flux-AQC.txt,15521
F.01,F,Fiche pathologie bâtiment  – F.01 « Défauts d’étanchéité à l’air » – AQC,https://qualiteconstruction.com/wp-content/uploads/2024/05/Fiche-Pathologie-Batiment-F01-Defauts-Etancheite-Air-AQC.pdf,2024-05-22,corpus/aqc/pdf/Fiche-Pathologie-Batiment-F01-Defauts-Etancheite-Air-AQC.pdf,corpus/aqc/txt/Fiche-Pathologie-Batiment-F01-Defauts-Etancheite-Air-AQC.txt,14764
E.07,E,Fiche pathologie bâtiment  – E.07 « Désordres touchant les conduits de fumée (bistrage et souche) » – AQC,https://qualiteconstruction.com/wp-content/uploads/2024/05/Fiche-Pathologie-Batiment-E07-Desordres-Conduits-Fumee-Bistrage-Souche-AQC.pdf,2024-05-22,corpus/aqc/pdf/Fiche-Pathologie-Batiment-E07-Desordres-Conduits-Fumee-Bistrage-Souche-AQC.pdf,corpus/aqc/txt/Fiche-Pathologie-Batiment-E07-Desordres-Conduits-Fumee-Bistrage-Souche-AQC.txt,14094
F.02,F,Fiche pathologie bâtiment  – F.02 « Reprises d’humidité dans les coins douche » – AQC,https://qualiteconstruction.com/wp-content/uploads/2024/05/Fiche-Pathologie-Batiment-F02-Reprises-Humidite-Coins-Douche-AQC.pdf,2024-05-22,corpus/aqc/pdf/Fiche-Pathologie-Batiment-F02-Reprises-Humidite-Coins-Douche-AQC.pdf,corpus/aqc/txt/Fiche-Pathologie-Batiment-F02-Reprises-Humidite-Coins-Douche-AQC.txt,11712
E.06,E,Fiche pathologie bâtiment  – E.06 « Cheminées à foyer fermé et inserts » – AQC,https://qualiteconstruction.com/wp-content/uploads/2024/05/Fiche-Pathologie-Batiment-E06-Cheminees-Foyer-Ferme-Inserts-AQC.pdf,2024-05-22,corpus/aqc/pdf/Fiche-Pathologie-Batiment-E06-Cheminees-Foyer-Ferme-Inserts-AQC.pdf,corpus/aqc/txt/Fiche-Pathologie-Batiment-E06-Cheminees-Foyer-Ferme-Inserts-AQC.txt,18124
E.05,E,Fiche pathologie bâtiment  – E.05 « Chauffage par le sol par Plancher Rayonnant Électrique » – AQC,https://qualiteconstruction.com/wp-content/uploads/2024/05/Fiche-Pathologie-Batiment-E05-Chauffage-Sol-Plancher-Rayonnant-Electrique-AQC.pdf,2024-05-22,corpus/aqc/pdf/Fiche-Pathologie-Batiment-E05-Chauffage-Sol-Plancher-Rayonnant-Electrique-AQC.pdf,corpus/aqc/txt/Fiche-Pathologie-Batiment-E05-Chauffage-Sol-Plancher-Rayonnant-Electrique-AQC.txt,16332
F.03,F,Fiche pathologie bâtiment  – F.03 « Dégradations par l’eau des douches carrelées dites “à l’italienne” » – AQC,https://qualiteconstruction.com/wp-content/uploads/2024/05/Fiche-Pathologie-Batiment-F03-Degradations-Eau-Douches-Carreles-Italienne-AQC.pdf,2024-05-22,corpus/aqc/pdf/Fiche-Pathologie-Batiment-F03-Degradations-Eau-Douches-Carreles-Italienne-AQC.pdf,corpus/aqc/txt/Fiche-Pathologie-Batiment-F03-Degradations-Eau-Douches-Carreles-Italienne-AQC.txt,18701
E.04,E,Fiche pathologie bâtiment  – E.04 « Chauffage par le sol à eau chaude » – AQC,https://qualiteconstruction.com/wp-content/uploads/2024/05/Fiche-Pathologie-Batiment-E04-Chauffage-Sol-Eau-Chaude-AQC.pdf,2024-05-22,corpus/aqc/pdf/Fiche-Pathologie-Batiment-E04-Chauffage-Sol-Eau-Chaude-AQC.pdf,corpus/aqc/txt/Fiche-Pathologie-Batiment-E04-Chauffage-Sol-Eau-Chaude-AQC.txt,16858
F.04,F,Fiche pathologie bâtiment  – F.04 « Fissuration et décollement des carrelages de sol dans l’habitat » – AQC,https://qualiteconstruction.com/wp-content/uploads/2024/05/Fiche-Pathologie-Batiment-F04-Fissuration-Decollement-Carrelages-Sol-Habitat-AQC.pdf,2024-05-22,corpus/aqc/pdf/Fiche-Pathologie-Batiment-F04-Fissuration-Decollement-Carrelages-Sol-Habitat-AQC.pdf,corpus/aqc/txt/Fiche-Pathologie-Batiment-F04-Fissuration-Decollement-Carrelages-Sol-Habitat-AQC.txt,15430
E.03,E,Fiche pathologie bâtiment  – E.03 « Corrosion et embouage des circuits de chauffage » – AQC,https://qualiteconstruction.com/wp-content/uploads/2024/05/Fiche-Pathologie-Batiment-E03-Corrosion-Embouage-Circuits-Chauffage-AQC.pdf,2024-05-22,corpus/aqc/pdf/Fiche-Pathologie-Batiment-E03-Corrosion-Embouage-Circuits-Chauffage-AQC.pdf,corpus/aqc/txt/Fiche-Pathologie-Batiment-E03-Corrosion-Embouage-Circuits-Chauffage-AQC.txt,26524
E.02,E,Fiche pathologie bâtiment  – E.02 « Corrosion des circuits d’eau sanitaire en acier » – AQC,https://qualiteconstruction.com/wp-content/uploads/2024/05/Fiche-Pathologie-Batiment-E02-Corrosion-Circuits-Eau-Sanitaire-Acier-AQC.pdf,2024-05-22,corpus/aqc/pdf/Fiche-Pathologie-Batiment-E02-Corrosion-Circuits-Eau-Sanitaire-Acier-AQC.pdf,corpus/aqc/txt/Fiche-Pathologie-Batiment-E02-Corrosion-Circuits-Eau-Sanitaire-Acier-AQC.txt,10644
E.01,E,Fiche pathologie bâtiment  – E.01 « Fuites de canalisations en cuivre incorporées dans les dalles » – AQC,https://qualiteconstruction.com/wp-content/uploads/2024/05/Fiche-Pathologie-Batiment-E01-Fuites-Canalisations-Cuivre-Incorporees-Dalles-AQC.pdf,2024-05-22,corpus/aqc/pdf/Fiche-Pathologie-Batiment-E01-Fuites-Canalisations-Cuivre-Incorporees-Dalles-AQC.pdf,corpus/aqc/txt/Fiche-Pathologie-Batiment-E01-Fuites-Canalisations-Cuivre-Incorporees-Dalles-AQC.txt,12984
F.05,F,Fiche pathologie bâtiment  – F.05 « Décollement des revêtements de sols souples collés » – AQC,https://qualiteconstruction.com/wp-content/uploads/2024/05/Fiche-Pathologie-Batiment-F05-Decollement-Revetements-Sols-Souples-Colles-AQC.pdf,2024-05-22,corpus/aqc/pdf/Fiche-Pathologie-Batiment-F05-Decollement-Revetements-Sols-Souples-Colles-AQC.pdf,corpus/aqc/txt/Fiche-Pathologie-Batiment-F05-Decollement-Revetements-Sols-Souples-Colles-AQC.txt,14493
F.06,F,Fiche pathologie bâtiment  – F.06 « Parquets et risques liés à l’humidité » – AQC,https://qualiteconstruction.com/wp-content/uploads/2024/05/Fiche-Pathologie-Batiment-F06-Parquets-Risques-Humidite-AQC.pdf,2024-05-22,corpus/aqc/pdf/Fiche-Pathologie-Batiment-F06-Parquets-Risques-Humidite-AQC.pdf,corpus/aqc/txt/Fiche-Pathologie-Batiment-F06-Parquets-Risques-Humidite-AQC.txt,9498
F.07,F,Fiche pathologie bâtiment  – F.07 « Désordres sur peintures de sol » – AQC,https://qualiteconstruction.com/wp-content/uploads/2024/05/Fiche-Pathologie-Batiment-F07-Desordres-Peintures-Sol-AQC.pdf,2024-05-22,corpus/aqc/pdf/Fiche-Pathologie-Batiment-F07-Desordres-Peintures-Sol-AQC.pdf,corpus/aqc/txt/Fiche-Pathologie-Batiment-F07-Desordres-Peintures-Sol-AQC.txt,11023
F.08,F,Fiche pathologie bâtiment  – F.08 « Désordres des sols industriels » – AQC,https://qualiteconstruction.com/wp-content/uploads/2024/05/Fiche-Pathologie-Batiment-F08-Desordres-Sols-Industriels-AQC.pdf,2024-05-22,corpus/aqc/pdf/Fiche-Pathologie-Batiment-F08-Desordres-Sols-Industriels-AQC.pdf,corpus/aqc/txt/Fiche-Pathologie-Batiment-F08-Desordres-Sols-Industriels-AQC.txt,15033
F.09,F,Fiche pathologie bâtiment  – F.09 « Décollement de peinture sur plafonds neufs en béton » – AQC,https://qualiteconstruction.com/wp-content/uploads/2024/05/Fiche-Pathologie-Batiment-F09-Decollement-Peinture-Plafonds-Neufs-Beton-AQC.pdf,2024-05-22,corpus/aqc/pdf/Fiche-Pathologie-Batiment-F09-Decollement-Peinture-Plafonds-Neufs-Beton-AQC.pdf,corpus/aqc/txt/Fiche-Pathologie-Batiment-F09-Decollement-Peinture-Plafonds-Neufs-Beton-AQC.txt,9305
F.10,F,Fiche pathologie bâtiment  – F.10 « Désordres des systèmes de peinture sur métaux » – AQC,https://qualiteconstruction.com/wp-content/uploads/2024/05/Fiche-Pathologie-Batiment-F10-Desordres-Systemes-Peinture-Metaux-AQC.pdf,2024-05-22,corpus/aqc/pdf/Fiche-Pathologie-Batiment-F10-Desordres-Systemes-Peinture-Metaux-AQC.pdf,corpus/aqc/txt/Fiche-Pathologie-Batiment-F10-Desordres-Systemes-Peinture-Metaux-AQC.txt,18925
D.01,D,Fiche pathologie bâtiment  – D.01 « Infiltrations par les liaisons menuiseries extérieures/gros oeuvre » – AQC,https://qualiteconstruction.com/wp-content/uploads/2024/05/Fiche-Pathologie-Batiment-D01-Infiltrations-Liaisons-Menuiseries-Exterieures-Gros-Oeuvre-Outre-Mer-AQC.pdf,2024-05-22,corpus/aqc/pdf/Fiche-Pathologie-Batiment-D01-Infiltrations-Liaisons-Menuiseries-Exterieures-Gros-Oeuvre-Outre-Mer-AQC.pdf,corpus/aqc/txt/Fiche-Pathologie-Batiment-D01-Infiltrations-Liaisons-Menuiseries-Exterieures-Gros-Oeuvre-Outre-Mer-AQC.txt,25255
D.02,D,Fiche pathologie bâtiment  – D.02 « Infiltrations d’eau par seuil de porte-fenêtre » – AQC,https://qualiteconstruction.com/wp-content/uploads/2024/05/Fiche-Pathologie-Batiment-D02-Infiltrations-Eau-Seuil-Porte-Fenetre-Outre-Mer-AQC.pdf,2024-05-22,corpus/aqc/pdf/Fiche-Pathologie-Batiment-D02-Infiltrations-Eau-Seuil-Porte-Fenetre-Outre-Mer-AQC.pdf,corpus/aqc/txt/Fiche-Pathologie-Batiment-D02-Infiltrations-Eau-Seuil-Porte-Fenetre-Outre-Mer-AQC.txt,16269
D.03,D,Fiche pathologie bâtiment  – D.03 « Désordres des enduits monocouche » – AQC,https://qualiteconstruction.com/wp-content/uploads/2024/05/Fiche-Pathologie-Batiment-D03-Desordres-Enduits-Monocouches-AQC.pdf,2024-05-22,corpus/aqc/pdf/Fiche-Pathologie-Batiment-D03-Desordres-Enduits-Monocouches-AQC.pdf,corpus/aqc/txt/Fiche-Pathologie-Batiment-D03-Desordres-Enduits-Monocouches-AQC.txt,19840
D.04,D,Fiche pathologie bâtiment  – D.04 « Micro-organismes en façades » – AQC,https://qualiteconstruction.com/wp-content/uploads/2024/05/Fiche-Pathologie-Batiment-D04-Micro-Organismes-Facades-AQC.pdf,2024-05-22,corpus/aqc/pdf/Fiche-Pathologie-Batiment-D04-Micro-Organismes-Facades-AQC.pdf,corpus/aqc/txt/Fiche-Pathologie-Batiment-D04-Micro-Organismes-Facades-AQC.txt,9495
C.13,C,"Fiche pathologie bâtiment  – C.13 « Toitures-terrasses, balcons et coursives en milieu tropical » – AQC",https://qualiteconstruction.com/wp-content/uploads/2024/05/Fiche-Pathologie-Batiment-C13-Toitures-Terrasses-Balcons-Coursives-Milieu-Tropical-Outre-Mer-AQC.pdf,2024-05-22,corpus/aqc/pdf/Fiche-Pathologie-Batiment-C13-Toitures-Terrasses-Balcons-Coursives-Milieu-Tropical-Outre-Mer-AQC.pdf,corpus/aqc/txt/Fiche-Pathologie-Batiment-C13-Toitures-Terrasses-Balcons-Coursives-Milieu-Tropical-Outre-Mer-AQC.txt,18961
C.12,C,Fiche pathologie bâtiment  – C.12 « Points faibles de la protection lourde en toitures-terrasses accessibles » – AQC,https://qualiteconstruction.com/wp-content/uploads/2024/05/Fiche-Pathologie-Batiment-C12-Points-Faibles-Protection-Lourde-Toitures-Terrasses-Accessibles-AQC.pdf,2024-05-22,corpus/aqc/pdf/Fiche-Pathologie-Batiment-C12-Points-Faibles-Protection-Lourde-Toitures-Terrasses-Accessibles-AQC.pdf,corpus/aqc/txt/Fiche-Pathologie-Batiment-C12-Points-Faibles-Protection-Lourde-Toitures-Terrasses-Accessibles-AQC.txt,11925
D.05,D,Fiche pathologie bâtiment  – D.05 « Revêtements extérieurs sur ouvrages neufs » – AQC,https://qualiteconstruction.com/wp-content/uploads/2024/05/Fiche-Pathologie-Batiment-D05-Revetements-Exterieurs-Ouvrages-Neufs-Outre-Mer-AQC.pdf,2024-05-22,corpus/aqc/pdf/Fiche-Pathologie-Batiment-D05-Revetements-Exterieurs-Ouvrages-Neufs-Outre-Mer-AQC.pdf,corpus/aqc/txt/Fiche-Pathologie-Batiment-D05-Revetements-Exterieurs-Ouvrages-Neufs-Outre-Mer-AQC.txt,16996
C.11,C,"Fiche pathologie bâtiment  – C.11 « Toitures-terrasses, le point faible : les relevés » – AQC",https://qualiteconstruction.com/wp-content/uploads/2024/05/Fiche-Pathologie-Batiment-C11-Toitures-Terrasses-Releves-Points-Faibles-AQC.pdf,2024-05-22,corpus/aqc/pdf/Fiche-Pathologie-Batiment-C11-Toitures-Terrasses-Releves-Points-Faibles-AQC.pdf,corpus/aqc/txt/Fiche-Pathologie-Batiment-C11-Toitures-Terrasses-Releves-Points-Faibles-AQC.txt,19430
C.10,C,Fiche pathologie bâtiment  – C.10 « Effondrement des couvertures légères sous le poids de l’eau » – AQC,https://qualiteconstruction.com/wp-content/uploads/2024/05/Fiche-Pathologie-Batiment-C10-Effondrement-Couvertures-Legeres-Poids-Eau-AQC.pdf,2024-05-22,corpus/aqc/pdf/Fiche-Pathologie-Batiment-C10-Effondrement-Couvertures-Legeres-Poids-Eau-AQC.pdf,corpus/aqc/txt/Fiche-Pathologie-Batiment-C10-Effondrement-Couvertures-Legeres-Poids-Eau-AQC.txt,12153
C.09,C,Fiche pathologie bâtiment  – C.09 « Infiltrations d’eau des couvertures en milieu tropical » – AQC,https://qualiteconstruction.com/wp-content/uploads/2024/05/Fiche-Pathologie-Batiment-C09-Couvertures-Milieu-Tropical-Outre-Mer-AQC.pdf,2024-05-22,corpus/aqc/pdf/Fiche-Pathologie-Batiment-C09-Couvertures-Milieu-Tropical-Outre-Mer-AQC.pdf,corpus/aqc/txt/Fiche-Pathologie-Batiment-C09-Couvertures-Milieu-Tropical-Outre-Mer-AQC.txt,20030
C.08,C,Fiche pathologie bâtiment  – C.08 « Fuite de couvertures de grands éléments : toiture sèche » – AQC,https://qualiteconstruction.com/wp-content/uploads/2024/05/Fiche-Pathologie-Batiment-C08-Fuite-Couvertures-Grands-Elements-Toiture-Seche-Outre-Mer-AQC.pdf,2024-05-22,corpus/aqc/pdf/Fiche-Pathologie-Batiment-C08-Fuite-Couvertures-Grands-Elements-Toiture-Seche-Outre-Mer-AQC.pdf,corpus/aqc/txt/Fiche-Pathologie-Batiment-C08-Fuite-Couvertures-Grands-Elements-Toiture-Seche-Outre-Mer-AQC.txt,11160
C.07,C,Fiche pathologie bâtiment  – C.07 « Condensation en sous-face de couvertures métalliques » – AQC,https://qualiteconstruction.com/wp-content/uploads/2024/05/Fiche-Pathologie-Batiment-C07-Condensation-Sous-Face-Couvertures-Metalliques-AQC.pdf,2024-05-22,corpus/aqc/pdf/Fiche-Pathologie-Batiment-C07-Condensation-Sous-Face-Couvertures-Metalliques-AQC.pdf,corpus/aqc/txt/Fiche-Pathologie-Batiment-C07-Condensation-Sous-Face-Couvertures-Metalliques-AQC.txt,23746
C.06,C,Fiche pathologie bâtiment  – C.06 « Infiltrations par points singuliers de couvertures en tuile » – AQC,https://qualiteconstruction.com/wp-content/uploads/2024/05/Fiche-Pathologie-Batiment-C06-Infiltrations-Points-Singuliers-Couvertures-Tuile-AQC.pdf,2024-05-22,corpus/aqc/pdf/Fiche-Pathologie-Batiment-C06-Infiltrations-Points-Singuliers-Couvertures-Tuile-AQC.pdf,corpus/aqc/txt/Fiche-Pathologie-Batiment-C06-Infiltrations-Points-Singuliers-Couvertures-Tuile-AQC.txt,16099
C.05,C,Fiche pathologie bâtiment  – C.05 « Écran de sous toiture : désordres possibles d’infiltration » – AQC,https://qualiteconstruction.com/wp-content/uploads/2024/05/Fiche-Pathologie-Batiment-C05-Ecran-Sous-Toiture-Desordres-Infiltration-AQC.pdf,2024-05-22,corpus/aqc/pdf/Fiche-Pathologie-Batiment-C05-Ecran-Sous-Toiture-Desordres-Infiltration-AQC.pdf,corpus/aqc/txt/Fiche-Pathologie-Batiment-C05-Ecran-Sous-Toiture-Desordres-Infiltration-AQC.txt,13483
C.04,C,Fiche pathologie bâtiment  – C.04 « Déformations de fermettes industrielles » – AQC,https://qualiteconstruction.com/wp-content/uploads/2024/05/Fiche-Pathologie-Batiment-C04-Deformations-Fermettes-Industrielles-AQC.pdf,2024-05-22,corpus/aqc/pdf/Fiche-Pathologie-Batiment-C04-Deformations-Fermettes-Industrielles-AQC.pdf,corpus/aqc/txt/Fiche-Pathologie-Batiment-C04-Deformations-Fermettes-Industrielles-AQC.txt,11131
C.03,C,Fiche pathologie bâtiment  – C.03 « Charpentes en lamellé-collé : de la fissuration à la rupture » – AQC,https://qualiteconstruction.com/wp-content/uploads/2024/05/Fiche-Pathologie-Batiment-C03-Charpentes-Lamelle-Colle-Fissuration-Rupture-AQC.pdf,2024-05-22,corpus/aqc/pdf/Fiche-Pathologie-Batiment-C03-Charpentes-Lamelle-Colle-Fissuration-Rupture-AQC.pdf,corpus/aqc/txt/Fiche-Pathologie-Batiment-C03-Charpentes-Lamelle-Colle-Fissuration-Rupture-AQC.txt,7745
C.02,C,Fiche pathologie bâtiment  – C.02 « Transformation d’une charpente pour aménagement de combles » – AQC,https://qualiteconstruction.com/wp-content/uploads/2024/05/Fiche-Pathologie-Batiment-C02-Transformation-Charpente-Amenagement-Combles-AQC.pdf,2024-05-22,corpus/aqc/pdf/Fiche-Pathologie-Batiment-C02-Transformation-Charpente-Amenagement-Combles-AQC.pdf,corpus/aqc/txt/Fiche-Pathologie-Batiment-C02-Transformation-Charpente-Amenagement-Combles-AQC.txt,13057
C.01,C,Fiche pathologie bâtiment  – C.01 « Déformations des charpentes assemblées en bois sur chantier » – AQC,https://qualiteconstruction.com/wp-content/uploads/2024/05/Fiche-Pathologie-Batiment-C01-Deformation-Charpentes-Assemblees-Bois-Chantier-AQC.pdf,2024-05-22,corpus/aqc/pdf/Fiche-Pathologie-Batiment-C01-Deformation-Charpentes-Assemblees-Bois-Chantier-AQC.pdf,corpus/aqc/txt/Fiche-Pathologie-Batiment-C01-Deformation-Charpentes-Assemblees-Bois-Chantier-AQC.txt,16880
A.10,A,Fiche pathologie bâtiment  – A.10 « Désordres dans les voiries et réseaux divers » – AQC,https://qualiteconstruction.com/wp-content/uploads/2024/05/Fiche-Pathologie-Batiment-A10-Desordres-Voiries-Reseaux-Divers-AQC.pdf,2024-05-22,corpus/aqc/pdf/Fiche-Pathologie-Batiment-A10-Desordres-Voiries-Reseaux-Divers-AQC.pdf,corpus/aqc/txt/Fiche-Pathologie-Batiment-A10-Desordres-Voiries-Reseaux-Divers-AQC.txt,18089
A.09,A,Fiche pathologie bâtiment  – A.09 « Assainissement non collectif » – AQC,https://qualiteconstruction.com/wp-content/uploads/2024/05/Fiche-Pathologie-Batiment-A09-Assainissement-Non-Collectif-AQC.pdf,2024-05-22,corpus/aqc/pdf/Fiche-Pathologie-Batiment-A09-Assainissement-Non-Collectif-AQC.pdf,corpus/aqc/txt/Fiche-Pathologie-Batiment-A09-Assainissement-Non-Collectif-AQC.txt,12302
A.07,A,Fiche pathologie bâtiment  – A.07 « Glissement de sols et désordres des murs de soutènement en milieu tropical » – AQC,https://qualiteconstruction.com/wp-content/uploads/2024/05/Fiche-Pathologie-Batiment-A07-Glissement-Sols-Desordres-Murs-Soutenement-Milieu-Tropical-Outre-Mer-AQC.pdf,2024-05-22,corpus/aqc/pdf/Fiche-Pathologie-Batiment-A07-Glissement-Sols-Desordres-Murs-Soutenement-Milieu-Tropical-Outre-Mer-AQC.pdf,corpus/aqc/txt/Fiche-Pathologie-Batiment-A07-Glissement-Sols-Desordres-Murs-Soutenement-Milieu-Tropical-Outre-Mer-AQC.txt,18896
A.06,A,Fiche pathologie bâtiment  – A.06 « Effondrement de murs de soutènement en maçonnerie » – AQC,https://qualiteconstruction.com/wp-content/uploads/2024/05/Fiche-Pathologie-Batiment-A06-Effondrement-Murs-Soutenement-Maconnerie-AQC.pdf,2024-05-22,corpus/aqc/pdf/Fiche-Pathologie-Batiment-A06-Effondrement-Murs-Soutenement-Maconnerie-AQC.pdf,corpus/aqc/txt/Fiche-Pathologie-Batiment-A06-Effondrement-Murs-Soutenement-Maconnerie-AQC.txt,12317
A.05,A,Fiche pathologie bâtiment  – A.05 « Affaissement de dallage de maisons individuelles » – AQC,https://qualiteconstruction.com/wp-content/uploads/2024/05/Fiche-Pathologie-Batiment-A05-Affaissement-Dallage-Maisons-Individuelles-AQC.pdf,2024-05-22,corpus/aqc/pdf/Fiche-Pathologie-Batiment-A05-Affaissement-Dallage-Maisons-Individuelles-AQC.pdf,corpus/aqc/txt/Fiche-Pathologie-Batiment-A05-Affaissement-Dallage-Maisons-Individuelles-AQC.txt,13874
D.06,D,Fiche pathologie bâtiment  – D.06 « Désordres après reprise de façades en plâtre » – AQC,https://qualiteconstruction.com/wp-content/uploads/2024/05/Fiche-Pathologie-Batiment-D06-Desordres-Reprise-Facades-Platre-AQC.pdf,2024-05-22,corpus/aqc/pdf/Fiche-Pathologie-Batiment-D06-Desordres-Reprise-Facades-Platre-AQC.pdf,corpus/aqc/txt/Fiche-Pathologie-Batiment-D06-Desordres-Reprise-Facades-Platre-AQC.txt,13546
A.04,A,Fiche pathologie bâtiment  – A.04 « Renforcements de sol » – AQC,https://qualiteconstruction.com/wp-content/uploads/2024/05/Fiche-Pathologie-Batiment-A04-Renforcements-Sol-AQC.pdf,2024-05-22,corpus/aqc/pdf/Fiche-Pathologie-Batiment-A04-Renforcements-Sol-AQC.pdf,corpus/aqc/txt/Fiche-Pathologie-Batiment-A04-Renforcements-Sol-AQC.txt,12353
A.03,A,Fiche pathologie bâtiment  – A.03 « Désordres des fondations profondes par pieux » – AQC,https://qualiteconstruction.com/wp-content/uploads/2024/05/Fiche-Pathologie-Batiment-A03-Desordres-Fondations-Profondes-Pieux-AQC.pdf,2024-05-22,corpus/aqc/pdf/Fiche-Pathologie-Batiment-A03-Desordres-Fondations-Profondes-Pieux-AQC.pdf,corpus/aqc/txt/Fiche-Pathologie-Batiment-A03-Desordres-Fondations-Profondes-Pieux-AQC.txt,13674
D.07,D,Fiche pathologie bâtiment  – D.07 « Dégradations des revêtements d’imperméabilité de façade » – AQC,https://qualiteconstruction.com/wp-content/uploads/2024/05/Fiche-Pathologie-Batiment-D07-Degradations-Revetements-Impermeabilite-Facade-AQC.pdf,2024-05-22,corpus/aqc/pdf/Fiche-Pathologie-Batiment-D07-Degradations-Revetements-Impermeabilite-Facade-AQC.pdf,corpus/aqc/txt/Fiche-Pathologie-Batiment-D07-Degradations-Revetements-Impermeabilite-Facade-AQC.txt,13712
A.02,A,Fiche pathologie bâtiment  – A.02 « Mouvements de fondations de maisons individuelles – 2° partie : mouvements exceptionnels en sols sensibles » – AQC,https://qualiteconstruction.com/wp-content/uploads/2024/05/Fiche-Pathologie-Batiment-A02-Mouvements-Fondations-Maisons-Individuelles-02Mouvements-AQC.pdf,2024-05-22,corpus/aqc/pdf/Fiche-Pathologie-Batiment-A02-Mouvements-Fondations-Maisons-Individuelles-02Mouvements-AQC.pdf,corpus/aqc/txt/Fiche-Pathologie-Batiment-A02-Mouvements-Fondations-Maisons-Individuelles-02Mouvements-AQC.txt,20042
A.01,A,Fiche pathologie bâtiment  – A.01 « Mouvements de fondations de maisons individuelles – 1° partie : tassements courants » – AQC,https://qualiteconstruction.com/wp-content/uploads/2024/05/Fiche-Pathologie-Batiment-A01-Mouvements-Fondations-Maisons-Individuelles-01Tassements-AQC.pdf,2024-05-22,corpus/aqc/pdf/Fiche-Pathologie-Batiment-A01-Mouvements-Fondations-Maisons-Individuelles-01Tassements-AQC.pdf,corpus/aqc/txt/Fiche-Pathologie-Batiment-A01-Mouvements-Fondations-Maisons-Individuelles-01Tassements-AQC.txt,17444
D.08,D,Fiche pathologie bâtiment  – D.08 « Systèmes d’isolation thermique par l’extérieur (ETICS) en pose initiale » – AQC,https://qualiteconstruction.com/wp-content/uploads/2024/05/Fiche-Pathologie-Batiment-D08-Systemes-Isolation-Thermique-Exterieure-ETICS-Pose-Initiale-AQC.pdf,2024-05-22,corpus/aqc/pdf/Fiche-Pathologie-Batiment-D08-Systemes-Isolation-Thermique-Exterieure-ETICS-Pose-Initiale-AQC.pdf,corpus/aqc/txt/Fiche-Pathologie-Batiment-D08-Systemes-Isolation-Thermique-Exterieure-ETICS-Pose-Initiale-AQC.txt,27303
D.09,D,Fiche pathologie bâtiment  – D.09 « Rénovation de systèmes d’isolation thermique par l’extérieur (ETICS) existants » – AQC,https://qualiteconstruction.com/wp-content/uploads/2024/05/Fiche-Pathologie-Batiment-D09-Renovation-Systemes-Isolation-Thermique-Exterieure-ETICS-Existants-AQC.pdf,2024-05-22,corpus/aqc/pdf/Fiche-Pathologie-Batiment-D09-Renovation-Systemes-Isolation-Thermique-Exterieure-ETICS-Existants-AQC.pdf,corpus/aqc/txt/Fiche-Pathologie-Batiment-D09-Renovation-Systemes-Isolation-Thermique-Exterieure-ETICS-Existants-AQC.txt,20477
D.10,D,Fiche pathologie bâtiment  – D.10 « Dégradation des lasures et peintures sur menuiseries extérieures en bois » – AQC,https://qualiteconstruction.com/wp-content/uploads/2024/05/Fiche-Pathologie-Batiment-D10-Degradation-Lasures-Peintures-Menuiseries-Exterieures-Bois-AQC.pdf,2024-05-22,corpus/aqc/pdf/Fiche-Pathologie-Batiment-D10-Degradation-Lasures-Peintures-Menuiseries-Exterieures-Bois-AQC.pdf,corpus/aqc/txt/Fiche-Pathologie-Batiment-D10-Degradation-Lasures-Peintures-Menuiseries-Exterieures-Bois-AQC.txt,12522
D.11,D,Fiche pathologie bâtiment  – D.11 « Chutes de pierres minces attachées » – AQC,https://qualiteconstruction.com/wp-content/uploads/2024/05/Fiche-Pathologie-Batiment-D11-Chutes-Pierres-Minces-Attachees-AQC.pdf,2024-05-22,corpus/aqc/pdf/Fiche-Pathologie-Batiment-D11-Chutes-Pierres-Minces-Attachees-AQC.pdf,corpus/aqc/txt/Fiche-Pathologie-Batiment-D11-Chutes-Pierres-Minces-Attachees-AQC.txt,14450
D.12,D,Fiche pathologie bâtiment  – D.12 « Désordres des revêtements de façades » – AQC,https://qualiteconstruction.com/wp-content/uploads/2024/05/Fiche-Pathologie-Batiment-D12-Desordres-Revetements-Facades-AQC.pdf,2024-05-22,corpus/aqc/pdf/Fiche-Pathologie-Batiment-D12-Desordres-Revetements-Facades-AQC.pdf,corpus/aqc/txt/Fiche-Pathologie-Batiment-D12-Desordres-Revetements-Facades-AQC.txt,20087
B.13,B,Fiche pathologie bâtiment  – B.13 « Désordres des piscines privatives » – AQC,https://qualiteconstruction.com/wp-content/uploads/2024/05/Fiche-Pathologie-Batiment-B13-Desordes-Piscines-Privatives-AQC.pdf,2024-05-22,corpus/aqc/pdf/Fiche-Pathologie-Batiment-B13-Desordes-Piscines-Privatives-AQC.pdf,corpus/aqc/txt/Fiche-Pathologie-Batiment-B13-Desordes-Piscines-Privatives-AQC.txt,13890
B.12,B,Fiche pathologie bâtiment  – B.12 « Dégradation par l’eau et l’humidité des enveloppes et ossatures bois » – AQC,https://qualiteconstruction.com/wp-content/uploads/2024/05/Fiche-Pathologie-Batiment-B12-Degradation-Eau-Humidite-Enveloppes-Ossatures-Bois-AQC.pdf,2024-05-22,corpus/aqc/pdf/Fiche-Pathologie-Batiment-B12-Degradation-Eau-Humidite-Enveloppes-Ossatures-Bois-AQC.pdf,corpus/aqc/txt/Fiche-Pathologie-Batiment-B12-Degradation-Eau-Humidite-Enveloppes-Ossatures-Bois-AQC.txt,9947
B.11,B,Fiche pathologie bâtiment  – B.11 « Désordres structurels des ossatures bois » – AQC,https://qualiteconstruction.com/wp-content/uploads/2024/05/Fiche-Pathologie-Batiment-B11-Desordres-Structurels-Ossatures-Bois-AQC.pdf,2024-05-22,corpus/aqc/pdf/Fiche-Pathologie-Batiment-B11-Desordres-Structurels-Ossatures-Bois-AQC.pdf,corpus/aqc/txt/Fiche-Pathologie-Batiment-B11-Desordres-Structurels-Ossatures-Bois-AQC.txt,7970
B.10,B,Fiche pathologie bâtiment  – B.10 « Les attaques des bois par les agents biologiques » – AQC,https://qualiteconstruction.com/wp-content/uploads/2024/05/Fiche-Pathologie-Batiment-B10-Attaques-Bois-Agents-Biologiques-Outre-Mer-AQC.pdf,2024-05-22,corpus/aqc/pdf/Fiche-Pathologie-Batiment-B10-Attaques-Bois-Agents-Biologiques-Outre-Mer-AQC.pdf,corpus/aqc/txt/Fiche-Pathologie-Batiment-B10-Attaques-Bois-Agents-Biologiques-Outre-Mer-AQC.txt,22628
D.13,D,Fiche pathologie bâtiment  – D.13 « Structures à risques multiples : les vérandas » – AQC,https://qualiteconstruction.com/wp-content/uploads/2024/05/Fiche-Pathologie-Batiment-D13-Structures-Risques-Multiples-Verandas-AQC.pdf,2024-05-22,corpus/aqc/pdf/Fiche-Pathologie-Batiment-D13-Structures-Risques-Multiples-Verandas-AQC.pdf,corpus/aqc/txt/Fiche-Pathologie-Batiment-D13-Structures-Risques-Multiples-Verandas-AQC.txt,12424
B.09,B,Fiche pathologie bâtiment  – B.09 « Soulèvement des dallages à usage industriel » – AQC,https://qualiteconstruction.com/wp-content/uploads/2024/05/Fiche-Pathologie-Batiment-B09-Soulevement-Dallages-Usage-Industriel-AQC.pdf,2024-05-22,corpus/aqc/pdf/Fiche-Pathologie-Batiment-B09-Soulevement-Dallages-Usage-Industriel-AQC.pdf,corpus/aqc/txt/Fiche-Pathologie-Batiment-B09-Soulevement-Dallages-Usage-Industriel-AQC.txt,10932
B.08,B,"Fiche pathologie bâtiment  – B.08 « Tassements, fissurations des dallages à usage industriel » – AQC",https://qualiteconstruction.com/wp-content/uploads/2024/05/Fiche-Pathologie-Batiment-B08-Tassements-Fissuration-Dallages-Usage-Industriel-AQC.pdf,2024-05-22,corpus/aqc/pdf/Fiche-Pathologie-Batiment-B08-Tassements-Fissuration-Dallages-Usage-Industriel-AQC.pdf,corpus/aqc/txt/Fiche-Pathologie-Batiment-B08-Tassements-Fissuration-Dallages-Usage-Industriel-AQC.txt,12787
B.07,B,Fiche pathologie bâtiment  – B.07 « Fissurations et effondrements des balcons » – AQC,https://qualiteconstruction.com/wp-content/uploads/2024/05/Fiche-Pathologie-Batiment-B07-Fissuration-Effondrement-Balcons-AQC.pdf,2024-05-22,corpus/aqc/pdf/Fiche-Pathologie-Batiment-B07-Fissuration-Effondrement-Balcons-AQC.pdf,corpus/aqc/txt/Fiche-Pathologie-Batiment-B07-Fissuration-Effondrement-Balcons-AQC.txt,14511
B.06,B,Fiche pathologie bâtiment  – B.06 « Désordres sur ossatures en éléments préfabriqués en béton armé ou précontraint » – AQC,https://qualiteconstruction.com/wp-content/uploads/2024/05/Fiche-Pathologie-Batiment-B06-Desordres-Ossatures-Elements-Prefabriques-Beton-Arme-Precontraint-AQC.pdf,2024-05-22,corpus/aqc/pdf/Fiche-Pathologie-Batiment-B06-Desordres-Ossatures-Elements-Prefabriques-Beton-Arme-Precontraint-AQC.pdf,corpus/aqc/txt/Fiche-Pathologie-Batiment-B06-Desordres-Ossatures-Elements-Prefabriques-Beton-Arme-Precontraint-AQC.txt,19144
B.05,B,Fiche pathologie bâtiment  – B.05 « Corrosion des armatures du béton armé en façades des bâtiments » – AQC,https://qualiteconstruction.com/wp-content/uploads/2024/05/Fiche-Pathologie-Batiment-B05-Corrosion-Armatures-Beton-Arme-Facades-Batiments-AQC.pdf,2024-05-22,corpus/aqc/pdf/Fiche-Pathologie-Batiment-B05-Corrosion-Armatures-Beton-Arme-Facades-Batiments-AQC.pdf,corpus/aqc/txt/Fiche-Pathologie-Batiment-B05-Corrosion-Armatures-Beton-Arme-Facades-Batiments-AQC.txt,11312
B.04,B,Fiche pathologie bâtiment  – B.04 « Défauts d’étanchéité des façades en briques apparentes » – AQC,https://qualiteconstruction.com/wp-content/uploads/2024/05/Fiche-Pathologie-Batiment-B04-Defauts-Etancheite-Facades-Briques-Apparentes-AQC.pdf,2024-05-22,corpus/aqc/pdf/Fiche-Pathologie-Batiment-B04-Defauts-Etancheite-Facades-Briques-Apparentes-AQC.pdf,corpus/aqc/txt/Fiche-Pathologie-Batiment-B04-Defauts-Etancheite-Facades-Briques-Apparentes-AQC.txt,15411
B.03,B,Fiche pathologie bâtiment  – B.03 « Fissures structurelles des maçonneries de maisons individuelles » – AQC,https://qualiteconstruction.com/wp-content/uploads/2024/05/Fiche-Pathologie-Batiment-B03-Fissures-Structurelles-Maconneries-Maisons-Individuelles-AQC.pdf,2024-05-22,corpus/aqc/pdf/Fiche-Pathologie-Batiment-B03-Fissures-Structurelles-Maconneries-Maisons-Individuelles-AQC.pdf,corpus/aqc/txt/Fiche-Pathologie-Batiment-B03-Fissures-Structurelles-Maconneries-Maisons-Individuelles-AQC.txt,12937
B.02,B,Fiche pathologie bâtiment  – B.02 « Humidité en sous-sol des bâtiments » – AQC,https://qualiteconstruction.com/wp-content/uploads/2024/05/Fiche-Pathologie-Batiment-B02-Humidite-Sous-Sol-Batiments-Outre-Mer-AQC.pdf,2024-05-22,corpus/aqc/pdf/Fiche-Pathologie-Batiment-B02-Humidite-Sous-Sol-Batiments-Outre-Mer-AQC.pdf,corpus/aqc/txt/Fiche-Pathologie-Batiment-B02-Humidite-Sous-Sol-Batiments-Outre-Mer-AQC.txt,20849
B.01,B,Fiche pathologie bâtiment  – B.01 « Remontées capillaires » – AQC,https://qualiteconstruction.com/wp-content/uploads/2024/05/Fiche-Pathologie-Batiment-B01-Remontees-Capillaires-AQC.pdf,2024-05-22,corpus/aqc/pdf/Fiche-Pathologie-Batiment-B01-Remontees-Capillaires-AQC.pdf,corpus/aqc/txt/Fiche-Pathologie-Batiment-B01-Remontees-Capillaires-AQC.txt,13253
